"scharr_date","actdep","latemin","no","station","scharr","has_departed","has_arrived","actarr","actarr_date","schdep","distance","day","scharr_datetime","actarr_datetime","schdep_datetime","actdep_datetime","train_no"
"latemin","day","has_departed","schdep","actarr_date","distance","has_arrived","actarr","station","actdep","scharr_date","no","scharr","scharr_datetime","actarr_datetime","schdep_datetime","actdep_datetime","train_no"
0,0,TRUE,"00:10","13 Oct 2016",0,TRUE,"00:10","MRJ","00:10","13 Oct 2016",1,"00:10",2016-10-13 00:10:00,2016-10-13 00:10:00,2016-10-13 00:10:00,2016-10-13 00:10:00,"11047"
6,0,TRUE,"00:29","13 Oct 2016",16,TRUE,"00:33","SED","00:34","13 Oct 2016",2,"00:27",2016-10-13 00:27:00,2016-10-13 00:33:00,2016-10-13 00:29:00,2016-10-13 00:34:00,"11047"
10,0,TRUE,"00:38","13 Oct 2016",26,TRUE,"00:46","UGR","00:47","13 Oct 2016",3,"00:36",2016-10-13 00:36:00,2016-10-13 00:46:00,2016-10-13 00:38:00,2016-10-13 00:47:00,"11047"
11,0,TRUE,"00:48","13 Oct 2016",33,TRUE,"00:57","KUD","00:58","13 Oct 2016",4,"00:46",2016-10-13 00:46:00,2016-10-13 00:57:00,2016-10-13 00:48:00,2016-10-13 00:58:00,"11047"
10,0,TRUE,"00:56","13 Oct 2016",39,TRUE,"01:04","CNC","01:05","13 Oct 2016",5,"00:54",2016-10-13 00:54:00,2016-10-13 01:04:00,2016-10-13 00:56:00,2016-10-13 01:05:00,"11047"
7,0,TRUE,"01:08","13 Oct 2016",50,TRUE,"01:13","RBG","01:14","13 Oct 2016",6,"01:06",2016-10-13 01:06:00,2016-10-13 01:13:00,2016-10-13 01:08:00,2016-10-13 01:14:00,"11047"
14,0,TRUE,"01:35","13 Oct 2016",79,TRUE,"01:47","GPB","01:52","13 Oct 2016",7,"01:33",2016-10-13 01:33:00,2016-10-13 01:47:00,2016-10-13 01:35:00,2016-10-13 01:52:00,"11047"
19,0,TRUE,"02:32","13 Oct 2016",137,TRUE,"02:47","BGM","02:50","13 Oct 2016",8,"02:28",2016-10-13 02:28:00,2016-10-13 02:47:00,2016-10-13 02:32:00,2016-10-13 02:50:00,"11047"
2,0,TRUE,"03:45","13 Oct 2016",188,TRUE,"03:42","LD","03:45","13 Oct 2016",9,"03:40",2016-10-13 03:40:00,2016-10-13 03:42:00,2016-10-13 03:45:00,2016-10-13 03:45:00,"11047"
10,0,TRUE,"04:20","13 Oct 2016",221,TRUE,"04:25","LWR","04:27","13 Oct 2016",10,"04:15",2016-10-13 04:15:00,2016-10-13 04:25:00,2016-10-13 04:20:00,2016-10-13 04:27:00,"11047"
-21,0,TRUE,"05:25","13 Oct 2016",258,TRUE,"05:02","DWR","05:28","13 Oct 2016",11,"05:23",2016-10-13 05:23:00,2016-10-13 05:02:00,2016-10-13 05:25:00,2016-10-13 05:28:00,"11047"
-20,0,FALSE,"06:25","13 Oct 2016",278,TRUE,"06:05","UBL","06:05","13 Oct 2016",12,"06:25",2016-10-13 06:25:00,2016-10-13 06:05:00,2016-10-13 06:25:00,2016-10-13 06:05:00,"11047"
"latemin","day","has_departed","schdep","actarr_date","distance","has_arrived","actarr","station","actdep","scharr_date","no","scharr","scharr_datetime","actarr_datetime","schdep_datetime","actdep_datetime","train_no"
0,0,TRUE,"08:30","12 Oct 2016",0,TRUE,"08:40","ASR","08:40","12 Oct 2016",1,"08:30",2016-10-12 08:30:00,2016-10-12 08:40:00,2016-10-12 08:30:00,2016-10-12 08:40:00,"11058"
25,0,TRUE,"08:47","12 Oct 2016",18,TRUE,"09:10","JNL","09:12","12 Oct 2016",2,"08:45",2016-10-12 08:45:00,2016-10-12 09:10:00,2016-10-12 08:47:00,2016-10-12 09:12:00,"11058"
22,0,TRUE,"09:10","12 Oct 2016",42,TRUE,"09:30","BEAS","09:32","12 Oct 2016",3,"09:08",2016-10-12 09:08:00,2016-10-12 09:30:00,2016-10-12 09:10:00,2016-10-12 09:32:00,"11058"
19,0,TRUE,"09:33","12 Oct 2016",63,TRUE,"09:50","KRE","09:52","12 Oct 2016",4,"09:31",2016-10-12 09:31:00,2016-10-12 09:50:00,2016-10-12 09:33:00,2016-10-12 09:52:00,"11058"
12,0,TRUE,"10:05","12 Oct 2016",78,TRUE,"10:07","JUC","10:17","12 Oct 2016",5,"09:55",2016-10-12 09:55:00,2016-10-12 10:07:00,2016-10-12 10:05:00,2016-10-12 10:17:00,"11058"
11,0,TRUE,"10:15","12 Oct 2016",83,TRUE,"10:24","JRC","10:26","12 Oct 2016",6,"10:13",2016-10-12 10:13:00,2016-10-12 10:24:00,2016-10-12 10:15:00,2016-10-12 10:26:00,"11058"
14,0,TRUE,"10:29","12 Oct 2016",99,TRUE,"10:41","PGW","10:43","12 Oct 2016",7,"10:27",2016-10-12 10:27:00,2016-10-12 10:41:00,2016-10-12 10:29:00,2016-10-12 10:43:00,"11058"
16,0,TRUE,"10:42","12 Oct 2016",109,TRUE,"10:56","GRY","10:58","12 Oct 2016",8,"10:40",2016-10-12 10:40:00,2016-10-12 10:56:00,2016-10-12 10:42:00,2016-10-12 10:58:00,"11058"
14,0,TRUE,"10:56","12 Oct 2016",122,TRUE,"11:08","PHR","11:10","12 Oct 2016",9,"10:54",2016-10-12 10:54:00,2016-10-12 11:08:00,2016-10-12 10:56:00,2016-10-12 11:10:00,"11058"
0,0,TRUE,"11:45","12 Oct 2016",135,TRUE,"11:30","LDH","11:45","12 Oct 2016",10,"11:30",2016-10-12 11:30:00,2016-10-12 11:30:00,2016-10-12 11:45:00,2016-10-12 11:45:00,"11058"
15,0,TRUE,"12:25","12 Oct 2016",161,TRUE,"12:38","AHH","12:40","12 Oct 2016",11,"12:23",2016-10-12 12:23:00,2016-10-12 12:38:00,2016-10-12 12:25:00,2016-10-12 12:40:00,"11058"
15,0,TRUE,"12:42","12 Oct 2016",180,TRUE,"12:55","MET","12:57","12 Oct 2016",12,"12:40",2016-10-12 12:40:00,2016-10-12 12:55:00,2016-10-12 12:42:00,2016-10-12 12:57:00,"11058"
14,0,TRUE,"13:05","12 Oct 2016",197,TRUE,"13:15","DUI","13:20","12 Oct 2016",13,"13:01",2016-10-12 13:01:00,2016-10-12 13:15:00,2016-10-12 13:05:00,2016-10-12 13:20:00,"11058"
36,0,TRUE,"13:28","12 Oct 2016",224,TRUE,"14:02","NBA","14:04","12 Oct 2016",14,"13:26",2016-10-12 13:26:00,2016-10-12 14:02:00,2016-10-12 13:28:00,2016-10-12 14:04:00,"11058"
46,0,TRUE,"13:53","12 Oct 2016",250,TRUE,"14:36","PTA","14:48","12 Oct 2016",15,"13:50",2016-10-12 13:50:00,2016-10-12 14:36:00,2016-10-12 13:53:00,2016-10-12 14:48:00,"11058"
37,0,TRUE,"14:35","12 Oct 2016",275,TRUE,"15:10","RPJ","15:27","12 Oct 2016",16,"14:33",2016-10-12 14:33:00,2016-10-12 15:10:00,2016-10-12 14:35:00,2016-10-12 15:27:00,"11058"
55,0,TRUE,"14:58","12 Oct 2016",295,TRUE,"15:51","UBC","15:53","12 Oct 2016",17,"14:56",2016-10-12 14:56:00,2016-10-12 15:51:00,2016-10-12 14:58:00,2016-10-12 15:53:00,"11058"
69,0,TRUE,"15:50","12 Oct 2016",303,TRUE,"16:29","UMB","16:50","12 Oct 2016",18,"15:20",2016-10-12 15:20:00,2016-10-12 16:29:00,2016-10-12 15:50:00,2016-10-12 16:50:00,"11058"
76,0,TRUE,"16:09","12 Oct 2016",322,TRUE,"17:23","SHDM","17:25","12 Oct 2016",19,"16:07",2016-10-12 16:07:00,2016-10-12 17:23:00,2016-10-12 16:09:00,2016-10-12 17:25:00,"11058"
74,0,TRUE,"16:32","12 Oct 2016",344,TRUE,"17:44","KKDE","17:46","12 Oct 2016",20,"16:30",2016-10-12 16:30:00,2016-10-12 17:44:00,2016-10-12 16:32:00,2016-10-12 17:46:00,"11058"
76,0,TRUE,"16:49","12 Oct 2016",361,TRUE,"18:03","NLKR","18:05","12 Oct 2016",21,"16:47",2016-10-12 16:47:00,2016-10-12 18:03:00,2016-10-12 16:49:00,2016-10-12 18:05:00,"11058"
75,0,TRUE,"16:58","12 Oct 2016",365,TRUE,"18:11","TRR","18:13","12 Oct 2016",22,"16:56",2016-10-12 16:56:00,2016-10-12 18:11:00,2016-10-12 16:58:00,2016-10-12 18:13:00,"11058"
72,0,TRUE,"17:15","12 Oct 2016",378,TRUE,"18:25","KUN","18:27","12 Oct 2016",23,"17:13",2016-10-12 17:13:00,2016-10-12 18:25:00,2016-10-12 17:15:00,2016-10-12 18:27:00,"11058"
71,0,TRUE,"17:33","12 Oct 2016",395,TRUE,"18:42","GRA","18:44","12 Oct 2016",24,"17:31",2016-10-12 17:31:00,2016-10-12 18:42:00,2016-10-12 17:33:00,2016-10-12 18:44:00,"11058"
69,0,TRUE,"17:53","12 Oct 2016",412,TRUE,"19:00","PNP","19:02","12 Oct 2016",25,"17:51",2016-10-12 17:51:00,2016-10-12 19:00:00,2016-10-12 17:53:00,2016-10-12 19:02:00,"11058"
73,0,TRUE,"18:08","12 Oct 2016",429,TRUE,"19:19","SMK","19:21","12 Oct 2016",26,"18:06",2016-10-12 18:06:00,2016-10-12 19:19:00,2016-10-12 18:08:00,2016-10-12 19:21:00,"11058"
72,0,TRUE,"18:23","12 Oct 2016",441,TRUE,"19:33","GNU","19:35","12 Oct 2016",27,"18:21",2016-10-12 18:21:00,2016-10-12 19:33:00,2016-10-12 18:23:00,2016-10-12 19:35:00,"11058"
70,0,TRUE,"18:41","12 Oct 2016",457,TRUE,"19:49","SNP","19:51","12 Oct 2016",28,"18:39",2016-10-12 18:39:00,2016-10-12 19:49:00,2016-10-12 18:41:00,2016-10-12 19:51:00,"11058"
69,0,TRUE,"18:54","12 Oct 2016",467,TRUE,"20:01","RDDE","20:03","12 Oct 2016",29,"18:52",2016-10-12 18:52:00,2016-10-12 20:01:00,2016-10-12 18:54:00,2016-10-12 20:03:00,"11058"
67,0,TRUE,"19:05","12 Oct 2016",474,TRUE,"20:10","NUR","20:12","12 Oct 2016",30,"19:03",2016-10-12 19:03:00,2016-10-12 20:10:00,2016-10-12 19:05:00,2016-10-12 20:12:00,"11058"
72,0,TRUE,"19:25","12 Oct 2016",491,TRUE,"20:35","ANDI","20:36","12 Oct 2016",31,"19:23",2016-10-12 19:23:00,2016-10-12 20:35:00,2016-10-12 19:25:00,2016-10-12 20:36:00,"11058"
66,0,TRUE,"19:49","12 Oct 2016",497,TRUE,"20:53","SZM","20:55","12 Oct 2016",32,"19:47",2016-10-12 19:47:00,2016-10-12 20:53:00,2016-10-12 19:49:00,2016-10-12 20:55:00,"11058"
60,0,TRUE,"20:50","12 Oct 2016",501,TRUE,"21:20","NDLS","21:49","12 Oct 2016",33,"20:20",2016-10-12 20:20:00,2016-10-12 21:20:00,2016-10-12 20:50:00,2016-10-12 21:49:00,"11058"
66,0,TRUE,"21:05","12 Oct 2016",508,TRUE,"22:09","NZM","22:11","12 Oct 2016",34,"21:03",2016-10-12 21:03:00,2016-10-12 22:09:00,2016-10-12 21:05:00,2016-10-12 22:11:00,"11058"
64,0,TRUE,"21:26","12 Oct 2016",529,TRUE,"22:28","FDB","22:30","12 Oct 2016",35,"21:24",2016-10-12 21:24:00,2016-10-12 22:28:00,2016-10-12 21:26:00,2016-10-12 22:30:00,"11058"
62,0,TRUE,"21:45","12 Oct 2016",537,TRUE,"22:45","BVH","22:47","12 Oct 2016",36,"21:43",2016-10-12 21:43:00,2016-10-12 22:45:00,2016-10-12 21:45:00,2016-10-12 22:47:00,"11058"
60,0,TRUE,"22:32","12 Oct 2016",558,TRUE,"23:30","PWL","23:32","12 Oct 2016",37,"22:30",2016-10-12 22:30:00,2016-10-12 23:30:00,2016-10-12 22:32:00,2016-10-12 23:32:00,"11058"
71,1,TRUE,"23:02","13 Oct 2016",601,TRUE,"00:11","KSV","00:12","12 Oct 2016",38,"23:00",2016-10-12 23:00:00,2016-10-13 00:11:00,2016-10-12 23:02:00,2016-10-13 00:12:00,"11058"
70,1,TRUE,"23:40","13 Oct 2016",642,TRUE,"00:45","MTJ","00:50","12 Oct 2016",39,"23:35",2016-10-12 23:35:00,2016-10-13 00:45:00,2016-10-12 23:40:00,2016-10-13 00:50:00,"11058"
64,1,TRUE,"00:28","13 Oct 2016",692,TRUE,"01:30","RKM","01:31","13 Oct 2016",40,"00:26",2016-10-13 00:26:00,2016-10-13 01:30:00,2016-10-13 00:28:00,2016-10-13 01:31:00,"11058"
62,1,TRUE,"00:48","13 Oct 2016",696,TRUE,"01:42","AGC","01:50","13 Oct 2016",41,"00:40",2016-10-13 00:40:00,2016-10-13 01:42:00,2016-10-13 00:48:00,2016-10-13 01:50:00,"11058"
60,1,TRUE,"01:45","13 Oct 2016",748,TRUE,"02:43","DHO","02:45","13 Oct 2016",42,"01:43",2016-10-13 01:43:00,2016-10-13 02:43:00,2016-10-13 01:45:00,2016-10-13 02:45:00,"11058"
63,1,TRUE,"02:10","13 Oct 2016",776,TRUE,"03:11","MRA","03:13","13 Oct 2016",43,"02:08",2016-10-13 02:08:00,2016-10-13 03:11:00,2016-10-13 02:10:00,2016-10-13 03:13:00,"11058"
68,1,TRUE,"03:00","13 Oct 2016",814,TRUE,"04:03","GWL","04:08","13 Oct 2016",44,"02:55",2016-10-13 02:55:00,2016-10-13 04:03:00,2016-10-13 03:00:00,2016-10-13 04:08:00,"11058"
66,1,TRUE,"03:37","13 Oct 2016",856,TRUE,"04:41","DBA","04:43","13 Oct 2016",45,"03:35",2016-10-13 03:35:00,2016-10-13 04:41:00,2016-10-13 03:37:00,2016-10-13 04:43:00,"11058"
62,1,TRUE,"04:00","13 Oct 2016",875,TRUE,"05:00","SOR","05:02","13 Oct 2016",46,"03:58",2016-10-13 03:58:00,2016-10-13 05:00:00,2016-10-13 04:00:00,2016-10-13 05:02:00,"11058"
62,1,TRUE,"04:17","13 Oct 2016",886,TRUE,"05:17","DAA","05:19","13 Oct 2016",47,"04:15",2016-10-13 04:15:00,2016-10-13 05:17:00,2016-10-13 04:17:00,2016-10-13 05:19:00,"11058"
67,1,TRUE,"05:00","13 Oct 2016",911,TRUE,"05:57","JHS","06:07","13 Oct 2016",48,"04:50",2016-10-13 04:50:00,2016-10-13 05:57:00,2016-10-13 05:00:00,2016-10-13 06:07:00,"11058"
73,1,TRUE,"05:27","13 Oct 2016",935,TRUE,"06:38","BAB","06:40","13 Oct 2016",49,"05:25",2016-10-13 05:25:00,2016-10-13 06:38:00,2016-10-13 05:27:00,2016-10-13 06:40:00,"11058"
75,1,TRUE,"05:43","13 Oct 2016",947,TRUE,"06:56","BZY","06:58","13 Oct 2016",50,"05:41",2016-10-13 05:41:00,2016-10-13 06:56:00,2016-10-13 05:43:00,2016-10-13 06:58:00,"11058"
76,1,TRUE,"06:00","13 Oct 2016",960,TRUE,"07:14","TBT","07:16","13 Oct 2016",51,"05:58",2016-10-13 05:58:00,2016-10-13 07:14:00,2016-10-13 06:00:00,2016-10-13 07:16:00,"11058"
58,1,TRUE,"06:52","13 Oct 2016",1000,TRUE,"07:48","LAR","07:50","13 Oct 2016",52,"06:50",2016-10-13 06:50:00,2016-10-13 07:48:00,2016-10-13 06:52:00,2016-10-13 07:50:00,"11058"
65,1,TRUE,"07:02","13 Oct 2016",1016,TRUE,"08:05","JLN","08:07","13 Oct 2016",53,"07:00",2016-10-13 07:00:00,2016-10-13 08:05:00,2016-10-13 07:02:00,2016-10-13 08:07:00,"11058"
69,1,TRUE,"07:12","13 Oct 2016",1028,TRUE,"08:19","DUA","08:21","13 Oct 2016",54,"07:10",2016-10-13 07:10:00,2016-10-13 08:19:00,2016-10-13 07:12:00,2016-10-13 08:21:00,"11058"
10,1,TRUE,"09:00","13 Oct 2016",1062,TRUE,"09:05","BINA","09:10","13 Oct 2016",55,"08:55",2016-10-13 08:55:00,2016-10-13 09:05:00,2016-10-13 09:00:00,2016-10-13 09:10:00,"11058"
15,1,TRUE,"09:17","13 Oct 2016",1080,TRUE,"09:30","MABA","09:32","13 Oct 2016",56,"09:15",2016-10-13 09:15:00,2016-10-13 09:30:00,2016-10-13 09:17:00,2016-10-13 09:32:00,"11058"
13,1,TRUE,"09:41","13 Oct 2016",1108,TRUE,"09:52","BAQ","09:53","13 Oct 2016",57,"09:39",2016-10-13 09:39:00,2016-10-13 09:52:00,2016-10-13 09:41:00,2016-10-13 09:53:00,"11058"
16,1,TRUE,"09:59","13 Oct 2016",1126,TRUE,"10:13","GLG","10:15","13 Oct 2016",58,"09:57",2016-10-13 09:57:00,2016-10-13 10:13:00,2016-10-13 09:59:00,2016-10-13 10:15:00,"11058"
16,1,TRUE,"10:18","13 Oct 2016",1147,TRUE,"10:32","BHS","10:34","13 Oct 2016",59,"10:16",2016-10-13 10:16:00,2016-10-13 10:32:00,2016-10-13 10:18:00,2016-10-13 10:34:00,"11058"
17,1,TRUE,"10:30","13 Oct 2016",1157,TRUE,"10:45","SCI","10:47","13 Oct 2016",60,"10:28",2016-10-13 10:28:00,2016-10-13 10:45:00,2016-10-13 10:30:00,2016-10-13 10:47:00,"11058"
14,1,TRUE,"11:15","13 Oct 2016",1201,TRUE,"11:24","BPL","11:30","13 Oct 2016",61,"11:10",2016-10-13 11:10:00,2016-10-13 11:24:00,2016-10-13 11:15:00,2016-10-13 11:30:00,"11058"
21,1,TRUE,"11:27","13 Oct 2016",1207,TRUE,"11:46","HBJ","11:48","13 Oct 2016",62,"11:25",2016-10-13 11:25:00,2016-10-13 11:46:00,2016-10-13 11:27:00,2016-10-13 11:48:00,"11058"
25,1,TRUE,"11:44","13 Oct 2016",1223,TRUE,"12:07","MDDP","12:09","13 Oct 2016",63,"11:42",2016-10-13 11:42:00,2016-10-13 12:07:00,2016-10-13 11:44:00,2016-10-13 12:09:00,"11058"
26,1,TRUE,"11:59","13 Oct 2016",1237,TRUE,"12:23","ODG","12:25","13 Oct 2016",64,"11:57",2016-10-13 11:57:00,2016-10-13 12:23:00,2016-10-13 11:59:00,2016-10-13 12:25:00,"11058"
27,1,TRUE,"12:35","13 Oct 2016",1268,TRUE,"13:00","BNI","13:02","13 Oct 2016",65,"12:33",2016-10-13 12:33:00,2016-10-13 13:00:00,2016-10-13 12:35:00,2016-10-13 13:02:00,"11058"
28,1,TRUE,"12:46","13 Oct 2016",1275,TRUE,"13:12","HBD","13:14","13 Oct 2016",66,"12:44",2016-10-13 12:44:00,2016-10-13 13:12:00,2016-10-13 12:46:00,2016-10-13 13:14:00,"11058"
18,1,TRUE,"13:25","13 Oct 2016",1292,TRUE,"13:38","ET","13:48","13 Oct 2016",67,"13:20",2016-10-13 13:20:00,2016-10-13 13:38:00,2016-10-13 13:25:00,2016-10-13 13:48:00,"11058"
32,1,TRUE,"13:51","13 Oct 2016",1326,TRUE,"14:21","BPF","14:23","13 Oct 2016",68,"13:49",2016-10-13 13:49:00,2016-10-13 14:21:00,2016-10-13 13:51:00,2016-10-13 14:23:00,"11058"
30,1,TRUE,"14:15","13 Oct 2016",1354,TRUE,"14:43","TBN","14:45","13 Oct 2016",69,"14:13",2016-10-13 14:13:00,2016-10-13 14:43:00,2016-10-13 14:15:00,2016-10-13 14:45:00,"11058"
28,1,TRUE,"14:31","13 Oct 2016",1368,TRUE,"14:57","HD","14:59","13 Oct 2016",70,"14:29",2016-10-13 14:29:00,2016-10-13 14:57:00,2016-10-13 14:31:00,2016-10-13 14:59:00,"11058"
26,1,TRUE,"14:58","13 Oct 2016",1400,TRUE,"15:22","KKN","15:24","13 Oct 2016",71,"14:56",2016-10-13 14:56:00,2016-10-13 15:22:00,2016-10-13 14:58:00,2016-10-13 15:24:00,"11058"
24,1,TRUE,"15:23","13 Oct 2016",1430,TRUE,"15:45","CAER","15:47","13 Oct 2016",72,"15:21",2016-10-13 15:21:00,2016-10-13 15:45:00,2016-10-13 15:23:00,2016-10-13 15:47:00,"11058"
23,1,TRUE,"15:48","13 Oct 2016",1460,TRUE,"16:09","TLV","16:11","13 Oct 2016",73,"15:46",2016-10-13 15:46:00,2016-10-13 16:09:00,2016-10-13 15:48:00,2016-10-13 16:11:00,"11058"
0,1,TRUE,"16:45","13 Oct 2016",1476,TRUE,"16:40","KNW","16:45","13 Oct 2016",74,"16:40",2016-10-13 16:40:00,2016-10-13 16:40:00,2016-10-13 16:45:00,2016-10-13 16:45:00,"11058"
10,1,TRUE,"17:20","13 Oct 2016",1518,TRUE,"17:28","NPNR","17:30","13 Oct 2016",75,"17:18",2016-10-13 17:18:00,2016-10-13 17:28:00,2016-10-13 17:20:00,2016-10-13 17:30:00,"11058"
5,1,TRUE,"17:45","13 Oct 2016",1545,TRUE,"17:48","BAU","17:51","13 Oct 2016",76,"17:43",2016-10-13 17:43:00,2016-10-13 17:48:00,2016-10-13 17:45:00,2016-10-13 17:51:00,"11058"
9,1,TRUE,"18:00","13 Oct 2016",1565,TRUE,"18:07","RV","18:09","13 Oct 2016",77,"17:58",2016-10-13 17:58:00,2016-10-13 18:07:00,2016-10-13 18:00:00,2016-10-13 18:09:00,"11058"
10,1,TRUE,"18:10","13 Oct 2016",1575,TRUE,"18:18","NB","18:20","13 Oct 2016",78,"18:08",2016-10-13 18:08:00,2016-10-13 18:18:00,2016-10-13 18:10:00,2016-10-13 18:20:00,"11058"
12,1,TRUE,"18:20","13 Oct 2016",1584,TRUE,"18:30","SAV","18:31","13 Oct 2016",79,"18:18",2016-10-13 18:18:00,2016-10-13 18:30:00,2016-10-13 18:20:00,2016-10-13 18:31:00,"11058"
5,1,TRUE,"18:55","13 Oct 2016",1599,TRUE,"18:50","BSL","19:10","13 Oct 2016",80,"18:45",2016-10-13 18:45:00,2016-10-13 18:50:00,2016-10-13 18:55:00,2016-10-13 19:10:00,"11058"
14,1,TRUE,"19:20","13 Oct 2016",1623,TRUE,"19:32","JL","19:34","13 Oct 2016",81,"19:18",2016-10-13 19:18:00,2016-10-13 19:32:00,2016-10-13 19:20:00,2016-10-13 19:34:00,"11058"
18,1,TRUE,"19:55","13 Oct 2016",1671,TRUE,"20:11","PC","20:13","13 Oct 2016",82,"19:53",2016-10-13 19:53:00,2016-10-13 20:11:00,2016-10-13 19:55:00,2016-10-13 20:13:00,"11058"
10,1,TRUE,"21:05","13 Oct 2016",1716,TRUE,"21:10","CSN","21:40","13 Oct 2016",83,"21:00",2016-10-13 21:00:00,2016-10-13 21:10:00,2016-10-13 21:05:00,2016-10-13 21:40:00,"11058"
48,1,TRUE,"21:50","13 Oct 2016",1783,TRUE,"22:33","MMR","22:36","13 Oct 2016",84,"21:45",2016-10-13 21:45:00,2016-10-13 22:33:00,2016-10-13 21:50:00,2016-10-13 22:36:00,"11058"
35,1,TRUE,"23:00","13 Oct 2016",1856,TRUE,"23:30","NK","23:35","13 Oct 2016",85,"22:55",2016-10-13 22:55:00,2016-10-13 23:30:00,2016-10-13 23:00:00,2016-10-13 23:35:00,"11058"
35,1,TRUE,"23:10","13 Oct 2016",1862,TRUE,"23:43","DVL","23:46","13 Oct 2016",86,"23:08",2016-10-13 23:08:00,2016-10-13 23:43:00,2016-10-13 23:10:00,2016-10-13 23:46:00,"11058"
-20,2,TRUE,"00:45","14 Oct 2016",1907,TRUE,"00:20","IGP","00:52","14 Oct 2016",87,"00:40",2016-10-14 00:40:00,2016-10-14 00:20:00,2016-10-14 00:45:00,2016-10-14 00:52:00,"11058"
8,2,TRUE,"02:45","13 Oct 2016",1990,TRUE,"02:50","KYN","02:50","14 Oct 2016",88,"02:42",2016-10-14 02:42:00,2016-10-13 02:50:00,2016-10-14 02:45:00,2016-10-13 02:50:00,"11058"
36,2,FALSE,"03:05","14 Oct 2016",2010,TRUE,"03:38","TNA","03:39","14 Oct 2016",89,"03:02",2016-10-14 03:02:00,2016-10-14 03:38:00,2016-10-14 03:05:00,2016-10-14 03:39:00,"11058"
31,2,FALSE,"03:35","14 Oct 2016",2035,TRUE,"04:03","DR","04:04","14 Oct 2016",90,"03:32",2016-10-14 03:32:00,2016-10-14 04:03:00,2016-10-14 03:35:00,2016-10-14 04:04:00,"11058"
10,2,FALSE,"04:05","14 Oct 2016",2043,TRUE,"04:15","CSTM","04:15","14 Oct 2016",91,"04:05",2016-10-14 04:05:00,2016-10-14 04:15:00,2016-10-14 04:05:00,2016-10-14 04:15:00,"11058"
"latemin","day","has_departed","schdep","actarr_date","distance","has_arrived","actarr","station","actdep","scharr_date","no","scharr","scharr_datetime","actarr_datetime","schdep_datetime","actdep_datetime","train_no"
0,0,TRUE,"15:50","13 Oct 2016",0,TRUE,"16:15","BSB","16:15","13 Oct 2016",1,"15:50",2016-10-13 15:50:00,2016-10-13 16:15:00,2016-10-13 15:50:00,2016-10-13 16:15:00,"11072"
62,0,TRUE,"16:30","13 Oct 2016",44,TRUE,"17:30","BOY","17:32","13 Oct 2016",2,"16:28",2016-10-13 16:28:00,2016-10-13 17:30:00,2016-10-13 16:30:00,2016-10-13 17:32:00,"11072"
59,0,TRUE,"17:05","13 Oct 2016",75,TRUE,"18:02","JNH","18:04","13 Oct 2016",3,"17:03",2016-10-13 17:03:00,2016-10-13 18:02:00,2016-10-13 17:05:00,2016-10-13 18:04:00,"11072"
52,0,TRUE,"17:38","13 Oct 2016",98,TRUE,"18:28","PLP","18:30","13 Oct 2016",4,"17:36",2016-10-13 17:36:00,2016-10-13 18:28:00,2016-10-13 17:38:00,2016-10-13 18:30:00,"11072"
18,0,TRUE,"19:45","13 Oct 2016",134,TRUE,"19:38","ALD","19:50","13 Oct 2016",5,"19:20",2016-10-13 19:20:00,2016-10-13 19:38:00,2016-10-13 19:45:00,2016-10-13 19:50:00,"11072"
52,0,TRUE,"20:46","13 Oct 2016",217,TRUE,"21:36","DBR","21:38","13 Oct 2016",6,"20:44",2016-10-13 20:44:00,2016-10-13 21:36:00,2016-10-13 20:46:00,2016-10-13 21:38:00,"11072"
27,0,TRUE,"21:35","13 Oct 2016",240,TRUE,"21:57","MKP","22:02","13 Oct 2016",7,"21:30",2016-10-13 21:30:00,2016-10-13 21:57:00,2016-10-13 21:35:00,2016-10-13 22:02:00,"11072"
32,0,TRUE,"22:20","13 Oct 2016",298,TRUE,"22:50","JTW","22:52","13 Oct 2016",8,"22:18",2016-10-13 22:18:00,2016-10-13 22:50:00,2016-10-13 22:20:00,2016-10-13 22:52:00,"11072"
27,0,TRUE,"22:50","13 Oct 2016",317,TRUE,"23:12","STA","23:20","13 Oct 2016",9,"22:45",2016-10-13 22:45:00,2016-10-13 23:12:00,2016-10-13 22:50:00,2016-10-13 23:20:00,"11072"
28,0,TRUE,"23:20","13 Oct 2016",353,TRUE,"23:46","MYR","23:48","13 Oct 2016",10,"23:18",2016-10-13 23:18:00,2016-10-13 23:46:00,2016-10-13 23:20:00,2016-10-13 23:48:00,"11072"
33,1,TRUE,"00:25","14 Oct 2016",416,TRUE,"00:48","KTE","01:05","14 Oct 2016",11,"00:15",2016-10-14 00:15:00,2016-10-14 00:48:00,2016-10-14 00:25:00,2016-10-14 01:05:00,"11072"
73,1,TRUE,"01:50","14 Oct 2016",511,TRUE,"03:01","BNU","03:03","14 Oct 2016",12,"01:48",2016-10-14 01:48:00,2016-10-14 03:01:00,2016-10-14 01:50:00,2016-10-14 03:03:00,"11072"
73,1,TRUE,"02:10","14 Oct 2016",527,TRUE,"03:18","DMO","03:20","14 Oct 2016",13,"02:05",2016-10-14 02:05:00,2016-10-14 03:18:00,2016-10-14 02:10:00,2016-10-14 03:20:00,"11072"
75,1,TRUE,"02:35","14 Oct 2016",553,TRUE,"03:48","PHA","03:50","14 Oct 2016",14,"02:33",2016-10-14 02:33:00,2016-10-14 03:48:00,2016-10-14 02:35:00,2016-10-14 03:50:00,"11072"
75,1,TRUE,"03:25","14 Oct 2016",604,TRUE,"04:35","SGO","04:40","14 Oct 2016",15,"03:20",2016-10-14 03:20:00,2016-10-14 04:35:00,2016-10-14 03:25:00,2016-10-14 04:40:00,"11072"
79,1,TRUE,"04:10","14 Oct 2016",657,TRUE,"05:27","KYE","05:29","14 Oct 2016",16,"04:08",2016-10-14 04:08:00,2016-10-14 05:27:00,2016-10-14 04:10:00,2016-10-14 05:29:00,"11072"
35,1,TRUE,"05:35","14 Oct 2016",678,TRUE,"06:05","BINA","06:10","14 Oct 2016",17,"05:30",2016-10-14 05:30:00,2016-10-14 06:05:00,2016-10-14 05:35:00,2016-10-14 06:10:00,"11072"
35,1,FALSE,"06:09","14 Oct 2016",724,FALSE,"06:42","BAQ","06:44","14 Oct 2016",18,"06:07",2016-10-14 06:07:00,2016-10-14 06:42:00,2016-10-14 06:09:00,2016-10-14 06:44:00,"11072"
35,1,FALSE,"06:39","14 Oct 2016",764,FALSE,"07:12","BHS","07:14","14 Oct 2016",19,"06:37",2016-10-14 06:37:00,2016-10-14 07:12:00,2016-10-14 06:39:00,2016-10-14 07:14:00,"11072"
21,1,FALSE,"07:40","14 Oct 2016",817,FALSE,"07:56","BPL","08:01","14 Oct 2016",20,"07:35",2016-10-14 07:35:00,2016-10-14 07:56:00,2016-10-14 07:40:00,2016-10-14 08:01:00,"11072"
21,1,FALSE,"07:52","14 Oct 2016",823,FALSE,"08:11","HBJ","08:13","14 Oct 2016",21,"07:50",2016-10-14 07:50:00,2016-10-14 08:11:00,2016-10-14 07:52:00,2016-10-14 08:13:00,"11072"
21,1,FALSE,"08:52","14 Oct 2016",891,FALSE,"09:11","HBD","09:13","14 Oct 2016",22,"08:50",2016-10-14 08:50:00,2016-10-14 09:11:00,2016-10-14 08:52:00,2016-10-14 09:13:00,"11072"
9,1,FALSE,"09:30","14 Oct 2016",908,FALSE,"09:34","ET","09:39","14 Oct 2016",23,"09:25",2016-10-14 09:25:00,2016-10-14 09:34:00,2016-10-14 09:30:00,2016-10-14 09:39:00,"11072"
9,1,FALSE,"10:22","14 Oct 2016",984,FALSE,"10:29","HD","10:31","14 Oct 2016",24,"10:20",2016-10-14 10:20:00,2016-10-14 10:29:00,2016-10-14 10:22:00,2016-10-14 10:31:00,"11072"
9,1,FALSE,"10:49","14 Oct 2016",1016,FALSE,"10:56","KKN","10:58","14 Oct 2016",25,"10:47",2016-10-14 10:47:00,2016-10-14 10:56:00,2016-10-14 10:49:00,2016-10-14 10:58:00,"11072"
0,1,FALSE,"12:50","14 Oct 2016",1092,FALSE,"12:45","KNW","12:50","14 Oct 2016",26,"12:45",2016-10-14 12:45:00,2016-10-14 12:45:00,2016-10-14 12:50:00,2016-10-14 12:50:00,"11072"
0,1,FALSE,"13:28","14 Oct 2016",1134,FALSE,"13:26","NPNR","13:28","14 Oct 2016",27,"13:26",2016-10-14 13:26:00,2016-10-14 13:26:00,2016-10-14 13:28:00,2016-10-14 13:28:00,"11072"
0,1,FALSE,"13:50","14 Oct 2016",1161,FALSE,"13:48","BAU","13:50","14 Oct 2016",28,"13:48",2016-10-14 13:48:00,2016-10-14 13:48:00,2016-10-14 13:50:00,2016-10-14 13:50:00,"11072"
0,1,FALSE,"14:05","14 Oct 2016",1181,FALSE,"14:04","RV","14:05","14 Oct 2016",29,"14:04",2016-10-14 14:04:00,2016-10-14 14:04:00,2016-10-14 14:05:00,2016-10-14 14:05:00,"11072"
0,1,FALSE,"14:45","14 Oct 2016",1215,FALSE,"14:35","BSL","14:45","14 Oct 2016",30,"14:35",2016-10-14 14:35:00,2016-10-14 14:35:00,2016-10-14 14:45:00,2016-10-14 14:45:00,"11072"
0,1,FALSE,"15:10","14 Oct 2016",1239,FALSE,"15:08","JL","15:10","14 Oct 2016",31,"15:08",2016-10-14 15:08:00,2016-10-14 15:08:00,2016-10-14 15:10:00,2016-10-14 15:10:00,"11072"
0,1,FALSE,"15:43","14 Oct 2016",1287,FALSE,"15:41","PC","15:43","14 Oct 2016",32,"15:41",2016-10-14 15:41:00,2016-10-14 15:41:00,2016-10-14 15:43:00,2016-10-14 15:43:00,"11072"
0,1,FALSE,"16:15","14 Oct 2016",1332,FALSE,"16:13","CSN","16:15","14 Oct 2016",33,"16:13",2016-10-14 16:13:00,2016-10-14 16:13:00,2016-10-14 16:15:00,2016-10-14 16:15:00,"11072"
0,1,FALSE,"16:50","14 Oct 2016",1374,FALSE,"16:49","NGN","16:50","14 Oct 2016",34,"16:49",2016-10-14 16:49:00,2016-10-14 16:49:00,2016-10-14 16:50:00,2016-10-14 16:50:00,"11072"
0,1,FALSE,"17:30","14 Oct 2016",1399,FALSE,"17:27","MMR","17:30","14 Oct 2016",35,"17:27",2016-10-14 17:27:00,2016-10-14 17:27:00,2016-10-14 17:30:00,2016-10-14 17:30:00,"11072"
0,1,FALSE,"18:40","14 Oct 2016",1472,FALSE,"18:35","NK","18:40","14 Oct 2016",36,"18:35",2016-10-14 18:35:00,2016-10-14 18:35:00,2016-10-14 18:40:00,2016-10-14 18:40:00,"11072"
0,1,FALSE,"20:10","14 Oct 2016",1523,FALSE,"20:05","IGP","20:10","14 Oct 2016",37,"20:05",2016-10-14 20:05:00,2016-10-14 20:05:00,2016-10-14 20:10:00,2016-10-14 20:10:00,"11072"
0,1,FALSE,"21:50","14 Oct 2016",1606,FALSE,"21:47","KYN","21:50","14 Oct 2016",38,"21:47",2016-10-14 21:47:00,2016-10-14 21:47:00,2016-10-14 21:50:00,2016-10-14 21:50:00,"11072"
0,1,FALSE,"22:15","14 Oct 2016",1626,FALSE,"22:12","TNA","22:15","14 Oct 2016",39,"22:12",2016-10-14 22:12:00,2016-10-14 22:12:00,2016-10-14 22:15:00,2016-10-14 22:15:00,"11072"
0,1,FALSE,"22:50","14 Oct 2016",1644,FALSE,"22:50","LTT","22:50","14 Oct 2016",40,"22:50",2016-10-14 22:50:00,2016-10-14 22:50:00,2016-10-14 22:50:00,2016-10-14 22:50:00,"11072"
"latemin","day","has_departed","schdep","actarr_date","distance","has_arrived","actarr","station","actdep","scharr_date","no","scharr","scharr_datetime","actarr_datetime","schdep_datetime","actdep_datetime","train_no"
0,0,TRUE,"14:50","13 Oct 2016",0,TRUE,"14:50","TVC","14:50","13 Oct 2016",1,"14:50",2016-10-13 14:50:00,2016-10-13 14:50:00,2016-10-13 14:50:00,2016-10-13 14:50:00,"12624"
9,0,TRUE,"15:25","13 Oct 2016",41,TRUE,"15:32","VAK","15:33","13 Oct 2016",2,"15:23",2016-10-13 15:23:00,2016-10-13 15:32:00,2016-10-13 15:25:00,2016-10-13 15:33:00,"12624"
7,0,TRUE,"15:55","13 Oct 2016",64,TRUE,"15:59","QLN","16:02","13 Oct 2016",3,"15:52",2016-10-13 15:52:00,2016-10-13 15:59:00,2016-10-13 15:55:00,2016-10-13 16:02:00,"12624"
18,0,TRUE,"16:30","13 Oct 2016",105,TRUE,"16:46","KYJ","16:48","13 Oct 2016",4,"16:28",2016-10-13 16:28:00,2016-10-13 16:46:00,2016-10-13 16:30:00,2016-10-13 16:48:00,"12624"
20,0,TRUE,"16:40","13 Oct 2016",113,TRUE,"16:59","MVLK","17:01","13 Oct 2016",5,"16:39",2016-10-13 16:39:00,2016-10-13 16:59:00,2016-10-13 16:40:00,2016-10-13 17:01:00,"12624"
25,0,TRUE,"16:50","13 Oct 2016",125,TRUE,"17:14","CNGR","17:16","13 Oct 2016",6,"16:49",2016-10-13 16:49:00,2016-10-13 17:14:00,2016-10-13 16:50:00,2016-10-13 17:16:00,"12624"
33,0,TRUE,"17:00","13 Oct 2016",134,TRUE,"17:32","TRVL","17:33","13 Oct 2016",7,"16:59",2016-10-13 16:59:00,2016-10-13 17:32:00,2016-10-13 17:00:00,2016-10-13 17:33:00,"12624"
33,0,TRUE,"17:10","13 Oct 2016",142,TRUE,"17:42","CGY","17:43","13 Oct 2016",8,"17:09",2016-10-13 17:09:00,2016-10-13 17:42:00,2016-10-13 17:10:00,2016-10-13 17:43:00,"12624"
35,0,TRUE,"17:40","13 Oct 2016",160,TRUE,"18:12","KTYM","18:15","13 Oct 2016",9,"17:37",2016-10-13 17:37:00,2016-10-13 18:12:00,2016-10-13 17:40:00,2016-10-13 18:15:00,"12624"
57,0,TRUE,"18:32","13 Oct 2016",210,TRUE,"19:28","TRTR","19:30","13 Oct 2016",10,"18:31",2016-10-13 18:31:00,2016-10-13 19:28:00,2016-10-13 18:32:00,2016-10-13 19:30:00,"12624"
33,0,TRUE,"19:25","13 Oct 2016",223,TRUE,"19:53","ERN","20:00","13 Oct 2016",11,"19:20",2016-10-13 19:20:00,2016-10-13 19:53:00,2016-10-13 19:25:00,2016-10-13 20:00:00,"12624"
45,0,TRUE,"19:45","13 Oct 2016",240,TRUE,"20:28","AWY","20:30","13 Oct 2016",12,"19:43",2016-10-13 19:43:00,2016-10-13 20:28:00,2016-10-13 19:45:00,2016-10-13 20:30:00,"12624"
45,0,TRUE,"19:55","13 Oct 2016",249,TRUE,"20:39","AFK","20:41","13 Oct 2016",13,"19:54",2016-10-13 19:54:00,2016-10-13 20:39:00,2016-10-13 19:55:00,2016-10-13 20:41:00,"12624"
55,0,TRUE,"20:33","13 Oct 2016",294,TRUE,"21:25","TCR","21:28","13 Oct 2016",14,"20:30",2016-10-13 20:30:00,2016-10-13 21:25:00,2016-10-13 20:33:00,2016-10-13 21:28:00,"12624"
23,0,TRUE,"22:20","13 Oct 2016",367,TRUE,"22:38","PGT","22:43","13 Oct 2016",15,"22:15",2016-10-13 22:15:00,2016-10-13 22:38:00,2016-10-13 22:20:00,2016-10-13 22:43:00,"12624"
28,1,TRUE,"23:50","14 Oct 2016",422,TRUE,"00:15","CBE","00:18","13 Oct 2016",16,"23:47",2016-10-13 23:47:00,2016-10-14 00:15:00,2016-10-13 23:50:00,2016-10-14 00:18:00,"12624"
54,1,TRUE,"01:20","14 Oct 2016",522,TRUE,"02:09","ED","02:15","14 Oct 2016",17,"01:15",2016-10-14 01:15:00,2016-10-14 02:09:00,2016-10-14 01:20:00,2016-10-14 02:15:00,"12624"
55,1,TRUE,"02:20","14 Oct 2016",585,TRUE,"03:12","SA","03:17","14 Oct 2016",18,"02:17",2016-10-14 02:17:00,2016-10-14 03:12:00,2016-10-14 02:20:00,2016-10-14 03:17:00,"12624"
57,1,TRUE,"05:00","14 Oct 2016",788,TRUE,"05:55","KPD","05:57","14 Oct 2016",19,"04:58",2016-10-14 04:58:00,2016-10-14 05:55:00,2016-10-14 05:00:00,2016-10-14 05:57:00,"12624"
29,1,FALSE,"06:35","14 Oct 2016",903,FALSE,"07:02","AVD","07:03","14 Oct 2016",20,"06:33",2016-10-14 06:33:00,2016-10-14 07:02:00,2016-10-14 06:35:00,2016-10-14 07:03:00,"12624"
28,1,FALSE,"06:55","14 Oct 2016",918,FALSE,"07:21","PER","07:23","14 Oct 2016",21,"06:53",2016-10-14 06:53:00,2016-10-14 07:21:00,2016-10-14 06:55:00,2016-10-14 07:23:00,"12624"
19,1,FALSE,"07:30","14 Oct 2016",924,FALSE,"07:49","MAS","07:49","14 Oct 2016",22,"07:30",2016-10-14 07:30:00,2016-10-14 07:49:00,2016-10-14 07:30:00,2016-10-14 07:49:00,"12624"
"latemin","day","has_departed","schdep","actarr_date","distance","has_arrived","actarr","station","actdep","scharr_date","no","scharr","scharr_datetime","actarr_datetime","schdep_datetime","actdep_datetime","train_no"
0,0,TRUE,"22:30","12 Oct 2016",0,TRUE,"22:30","HYB","22:30","12 Oct 2016",1,"22:30",2016-10-12 22:30:00,2016-10-12 22:30:00,2016-10-12 22:30:00,2016-10-12 22:30:00,"12721"
0,0,TRUE,"23:00","12 Oct 2016",9,TRUE,"22:55","SC","23:05","12 Oct 2016",2,"22:55",2016-10-12 22:55:00,2016-10-12 22:55:00,2016-10-12 23:00:00,2016-10-12 23:05:00,"12721"
17,1,TRUE,"23:45","13 Oct 2016",63,TRUE,"00:01","BG","00:02","12 Oct 2016",3,"23:44",2016-10-12 23:44:00,2016-10-13 00:01:00,2016-10-12 23:45:00,2016-10-13 00:02:00,"12721"
19,1,TRUE,"00:10","13 Oct 2016",100,TRUE,"00:27","ZN","00:28","13 Oct 2016",4,"00:08",2016-10-13 00:08:00,2016-10-13 00:27:00,2016-10-13 00:10:00,2016-10-13 00:28:00,"12721"
-2,1,TRUE,"01:30","13 Oct 2016",149,TRUE,"01:08","KZJ","01:35","13 Oct 2016",5,"01:10",2016-10-13 01:10:00,2016-10-13 01:08:00,2016-10-13 01:30:00,2016-10-13 01:35:00,"12721"
20,1,TRUE,"01:55","13 Oct 2016",194,TRUE,"02:14","JMKT","02:15","13 Oct 2016",6,"01:54",2016-10-13 01:54:00,2016-10-13 02:14:00,2016-10-13 01:55:00,2016-10-13 02:15:00,"12721"
0,1,FALSE,"02:22","13 Oct 2016",233,FALSE,"02:21","PDPL","02:22","13 Oct 2016",7,"02:21",2016-10-13 02:21:00,2016-10-13 02:21:00,2016-10-13 02:22:00,2016-10-13 02:22:00,"12721"
0,1,FALSE,"02:45","13 Oct 2016",251,FALSE,"02:44","RDM","02:45","13 Oct 2016",8,"02:44",2016-10-13 02:44:00,2016-10-13 02:44:00,2016-10-13 02:45:00,2016-10-13 02:45:00,"12721"
0,1,FALSE,"03:00","13 Oct 2016",264,FALSE,"02:59","MCI","03:00","13 Oct 2016",9,"02:59",2016-10-13 02:59:00,2016-10-13 02:59:00,2016-10-13 03:00:00,2016-10-13 03:00:00,"12721"
15,1,TRUE,"03:20","13 Oct 2016",284,TRUE,"03:33","BPA","03:34","13 Oct 2016",10,"03:18",2016-10-13 03:18:00,2016-10-13 03:33:00,2016-10-13 03:20:00,2016-10-13 03:34:00,"12721"
9,1,TRUE,"04:00","13 Oct 2016",323,TRUE,"04:07","SKZR","04:08","13 Oct 2016",11,"03:58",2016-10-13 03:58:00,2016-10-13 04:07:00,2016-10-13 04:00:00,2016-10-13 04:08:00,"12721"
-10,1,TRUE,"05:30","13 Oct 2016",392,TRUE,"05:10","BPQ","05:30","13 Oct 2016",12,"05:20",2016-10-13 05:20:00,2016-10-13 05:10:00,2016-10-13 05:30:00,2016-10-13 05:30:00,"12721"
-2,1,TRUE,"05:50","13 Oct 2016",406,TRUE,"05:47","CD","05:50","13 Oct 2016",13,"05:49",2016-10-13 05:49:00,2016-10-13 05:47:00,2016-10-13 05:50:00,2016-10-13 05:50:00,"12721"
-6,1,TRUE,"06:14","13 Oct 2016",431,TRUE,"06:07","BUX","06:14","13 Oct 2016",14,"06:13",2016-10-13 06:13:00,2016-10-13 06:07:00,2016-10-13 06:14:00,2016-10-13 06:14:00,"12721"
-5,1,TRUE,"06:36","13 Oct 2016",452,TRUE,"06:30","WRR","06:36","13 Oct 2016",15,"06:35",2016-10-13 06:35:00,2016-10-13 06:30:00,2016-10-13 06:36:00,2016-10-13 06:36:00,"12721"
1,1,TRUE,"07:07","13 Oct 2016",490,TRUE,"07:07","HGT","07:09","13 Oct 2016",16,"07:06",2016-10-13 07:06:00,2016-10-13 07:07:00,2016-10-13 07:07:00,2016-10-13 07:09:00,"12721"
-16,1,TRUE,"07:53","13 Oct 2016",527,TRUE,"07:36","SEGM","08:00","13 Oct 2016",17,"07:52",2016-10-13 07:52:00,2016-10-13 07:36:00,2016-10-13 07:53:00,2016-10-13 08:00:00,"12721"
8,1,TRUE,"08:17","13 Oct 2016",558,TRUE,"08:24","SNI","08:26","13 Oct 2016",18,"08:16",2016-10-13 08:16:00,2016-10-13 08:24:00,2016-10-13 08:17:00,2016-10-13 08:26:00,"12721"
7,1,FALSE,"08:52","13 Oct 2016",601,FALSE,"08:58","AJNI","08:59","13 Oct 2016",19,"08:51",2016-10-13 08:51:00,2016-10-13 08:58:00,2016-10-13 08:52:00,2016-10-13 08:59:00,"12721"
10,1,TRUE,"09:15","13 Oct 2016",604,TRUE,"09:15","NGP","09:25","13 Oct 2016",20,"09:05",2016-10-13 09:05:00,2016-10-13 09:15:00,2016-10-13 09:15:00,2016-10-13 09:25:00,"12721"
2,1,TRUE,"10:18","13 Oct 2016",664,TRUE,"10:19","KATL","10:21","13 Oct 2016",21,"10:17",2016-10-13 10:17:00,2016-10-13 10:19:00,2016-10-13 10:18:00,2016-10-13 10:21:00,"12721"
3,1,TRUE,"10:44","13 Oct 2016",689,TRUE,"10:46","NRKR","10:48","13 Oct 2016",22,"10:43",2016-10-13 10:43:00,2016-10-13 10:46:00,2016-10-13 10:44:00,2016-10-13 10:48:00,"12721"
3,1,TRUE,"11:03","13 Oct 2016",707,TRUE,"11:05","PAR","11:07","13 Oct 2016",23,"11:02",2016-10-13 11:02:00,2016-10-13 11:05:00,2016-10-13 11:03:00,2016-10-13 11:07:00,"12721"
5,1,TRUE,"11:45","13 Oct 2016",748,TRUE,"11:48","MTY","11:50","13 Oct 2016",24,"11:43",2016-10-13 11:43:00,2016-10-13 11:48:00,2016-10-13 11:45:00,2016-10-13 11:50:00,"12721"
3,1,TRUE,"12:08","13 Oct 2016",771,TRUE,"12:09","AMLA","12:11","13 Oct 2016",25,"12:06",2016-10-13 12:06:00,2016-10-13 12:09:00,2016-10-13 12:08:00,2016-10-13 12:11:00,"12721"
10,1,TRUE,"12:29","13 Oct 2016",794,TRUE,"12:37","BZU","12:39","13 Oct 2016",26,"12:27",2016-10-13 12:27:00,2016-10-13 12:37:00,2016-10-13 12:29:00,2016-10-13 12:39:00,"12721"
5,1,TRUE,"13:12","13 Oct 2016",830,TRUE,"13:15","GDYA","13:17","13 Oct 2016",27,"13:10",2016-10-13 13:10:00,2016-10-13 13:15:00,2016-10-13 13:12:00,2016-10-13 13:17:00,"12721"
-10,1,TRUE,"14:55","13 Oct 2016",901,TRUE,"14:35","ET","14:55","13 Oct 2016",28,"14:45",2016-10-13 14:45:00,2016-10-13 14:35:00,2016-10-13 14:55:00,2016-10-13 14:55:00,"12721"
4,1,TRUE,"15:15","13 Oct 2016",918,TRUE,"15:17","HBD","15:19","13 Oct 2016",29,"15:13",2016-10-13 15:13:00,2016-10-13 15:17:00,2016-10-13 15:15:00,2016-10-13 15:19:00,"12721"
11,1,TRUE,"16:20","13 Oct 2016",986,TRUE,"16:29","HBJ","16:31","13 Oct 2016",30,"16:18",2016-10-13 16:18:00,2016-10-13 16:29:00,2016-10-13 16:20:00,2016-10-13 16:31:00,"12721"
-3,1,TRUE,"16:50","13 Oct 2016",992,TRUE,"16:42","BPL","16:52","13 Oct 2016",31,"16:45",2016-10-13 16:45:00,2016-10-13 16:42:00,2016-10-13 16:50:00,2016-10-13 16:52:00,"12721"
36,1,TRUE,"17:24","13 Oct 2016",1046,TRUE,"17:58","BHS","18:00","13 Oct 2016",32,"17:22",2016-10-13 17:22:00,2016-10-13 17:58:00,2016-10-13 17:24:00,2016-10-13 18:00:00,"12721"
35,1,TRUE,"17:55","13 Oct 2016",1085,TRUE,"18:28","BAQ","18:30","13 Oct 2016",33,"17:53",2016-10-13 17:53:00,2016-10-13 18:28:00,2016-10-13 17:55:00,2016-10-13 18:30:00,"12721"
35,1,TRUE,"18:19","13 Oct 2016",1113,TRUE,"18:52","MABA","18:53","13 Oct 2016",34,"18:17",2016-10-13 18:17:00,2016-10-13 18:52:00,2016-10-13 18:19:00,2016-10-13 18:53:00,"12721"
10,1,TRUE,"19:05","13 Oct 2016",1131,TRUE,"19:10","BINA","19:15","13 Oct 2016",35,"19:00",2016-10-13 19:00:00,2016-10-13 19:10:00,2016-10-13 19:05:00,2016-10-13 19:15:00,"12721"
38,1,TRUE,"19:52","13 Oct 2016",1193,TRUE,"20:28","LAR","20:30","13 Oct 2016",36,"19:50",2016-10-13 19:50:00,2016-10-13 20:28:00,2016-10-13 19:52:00,2016-10-13 20:30:00,"12721"
56,1,TRUE,"20:37","13 Oct 2016",1258,TRUE,"21:31","BAB","21:33","13 Oct 2016",37,"20:35",2016-10-13 20:35:00,2016-10-13 21:31:00,2016-10-13 20:37:00,2016-10-13 21:33:00,"12721"
44,1,TRUE,"21:30","13 Oct 2016",1282,TRUE,"22:04","JHS","22:14","13 Oct 2016",38,"21:20",2016-10-13 21:20:00,2016-10-13 22:04:00,2016-10-13 21:30:00,2016-10-13 22:14:00,"12721"
54,1,TRUE,"21:52","13 Oct 2016",1307,TRUE,"22:44","DAA","22:46","13 Oct 2016",39,"21:50",2016-10-13 21:50:00,2016-10-13 22:44:00,2016-10-13 21:52:00,2016-10-13 22:46:00,"12721"
58,1,TRUE,"22:46","13 Oct 2016",1379,TRUE,"23:42","GWL","23:43","13 Oct 2016",40,"22:44",2016-10-13 22:44:00,2016-10-13 23:42:00,2016-10-13 22:46:00,2016-10-13 23:43:00,"12721"
61,2,TRUE,"23:18","14 Oct 2016",1417,TRUE,"00:17","MRA","00:19","13 Oct 2016",41,"23:16",2016-10-13 23:16:00,2016-10-14 00:17:00,2016-10-13 23:18:00,2016-10-14 00:19:00,"12721"
35,2,TRUE,"00:50","14 Oct 2016",1497,TRUE,"01:20","AGC","01:25","14 Oct 2016",42,"00:45",2016-10-14 00:45:00,2016-10-14 01:20:00,2016-10-14 00:50:00,2016-10-14 01:25:00,"12721"
32,2,TRUE,"01:39","14 Oct 2016",1551,TRUE,"02:06","MTJ","02:10","14 Oct 2016",43,"01:34",2016-10-14 01:34:00,2016-10-14 02:06:00,2016-10-14 01:39:00,2016-10-14 02:10:00,"12721"
30,2,TRUE,"03:20","14 Oct 2016",1656,TRUE,"03:48","BVH","03:50","14 Oct 2016",44,"03:18",2016-10-14 03:18:00,2016-10-14 03:48:00,2016-10-14 03:20:00,2016-10-14 03:50:00,"12721"
30,2,TRUE,"03:33","14 Oct 2016",1664,TRUE,"04:01","FDB","04:03","14 Oct 2016",45,"03:31",2016-10-14 03:31:00,2016-10-14 04:01:00,2016-10-14 03:33:00,2016-10-14 04:03:00,"12721"
27,2,FALSE,"04:05","14 Oct 2016",1685,TRUE,"04:32","NZM","04:32","14 Oct 2016",46,"04:05",2016-10-14 04:05:00,2016-10-14 04:32:00,2016-10-14 04:05:00,2016-10-14 04:32:00,"12721"
"latemin","day","has_departed","schdep","actarr_date","distance","has_arrived","actarr","station","actdep","scharr_date","no","scharr","scharr_datetime","actarr_datetime","schdep_datetime","actdep_datetime","train_no"
0,0,TRUE,"13:00","13 Oct 2016",0,TRUE,"13:00","SBC","13:00","13 Oct 2016",1,"13:00",2016-10-13 13:00:00,2016-10-13 13:00:00,2016-10-13 13:00:00,2016-10-13 13:00:00,"12725"
10,0,TRUE,"13:11","13 Oct 2016",5,TRUE,"13:20","YPR","13:22","13 Oct 2016",2,"13:10",2016-10-13 13:10:00,2016-10-13 13:20:00,2016-10-13 13:11:00,2016-10-13 13:22:00,"12725"
10,0,TRUE,"14:05","13 Oct 2016",68,TRUE,"14:13","TK","14:15","13 Oct 2016",3,"14:03",2016-10-13 14:03:00,2016-10-13 14:13:00,2016-10-13 14:05:00,2016-10-13 14:15:00,"12725"
17,0,TRUE,"15:10","13 Oct 2016",139,TRUE,"15:26","TTR","15:27","13 Oct 2016",4,"15:09",2016-10-13 15:09:00,2016-10-13 15:26:00,2016-10-13 15:10:00,2016-10-13 15:27:00,"12725"
13,0,TRUE,"15:45","13 Oct 2016",164,TRUE,"15:53","ASK","15:56","13 Oct 2016",5,"15:40",2016-10-13 15:40:00,2016-10-13 15:53:00,2016-10-13 15:45:00,2016-10-13 15:56:00,"12725"
6,0,TRUE,"16:21","13 Oct 2016",203,TRUE,"16:26","DRU","16:27","13 Oct 2016",6,"16:20",2016-10-13 16:20:00,2016-10-13 16:26:00,2016-10-13 16:21:00,2016-10-13 16:27:00,"12725"
12,0,TRUE,"16:32","13 Oct 2016",210,TRUE,"16:42","RRB","16:43","13 Oct 2016",7,"16:30",2016-10-13 16:30:00,2016-10-13 16:42:00,2016-10-13 16:32:00,2016-10-13 16:43:00,"12725"
16,0,TRUE,"16:50","13 Oct 2016",228,TRUE,"17:05","AJP","17:06","13 Oct 2016",8,"16:49",2016-10-13 16:49:00,2016-10-13 17:05:00,2016-10-13 16:50:00,2016-10-13 17:06:00,"12725"
13,0,TRUE,"17:10","13 Oct 2016",248,TRUE,"17:22","HSD","17:23","13 Oct 2016",9,"17:09",2016-10-13 17:09:00,2016-10-13 17:22:00,2016-10-13 17:10:00,2016-10-13 17:23:00,"12725"
11,0,TRUE,"17:40","13 Oct 2016",278,TRUE,"17:50","JRU","17:52","13 Oct 2016",10,"17:39",2016-10-13 17:39:00,2016-10-13 17:50:00,2016-10-13 17:40:00,2016-10-13 17:52:00,"12725"
17,0,TRUE,"18:28","13 Oct 2016",324,TRUE,"18:43","DVG","18:45","13 Oct 2016",11,"18:26",2016-10-13 18:26:00,2016-10-13 18:43:00,2016-10-13 18:28:00,2016-10-13 18:45:00,"12725"
19,0,TRUE,"18:45","13 Oct 2016",338,TRUE,"19:02","HRR","19:04","13 Oct 2016",12,"18:43",2016-10-13 18:43:00,2016-10-13 19:02:00,2016-10-13 18:45:00,2016-10-13 19:04:00,"12725"
21,0,TRUE,"19:10","13 Oct 2016",369,TRUE,"19:29","RNR","19:31","13 Oct 2016",13,"19:08",2016-10-13 19:08:00,2016-10-13 19:29:00,2016-10-13 19:10:00,2016-10-13 19:31:00,"12725"
17,0,TRUE,"19:40","13 Oct 2016",402,TRUE,"19:55","HVR","19:56","13 Oct 2016",14,"19:38",2016-10-13 19:38:00,2016-10-13 19:55:00,2016-10-13 19:40:00,2016-10-13 19:56:00,"12725"
0,0,TRUE,"21:15","13 Oct 2016",477,TRUE,"21:10","UBL","21:20","13 Oct 2016",15,"21:10",2016-10-13 21:10:00,2016-10-13 21:10:00,2016-10-13 21:15:00,2016-10-13 21:20:00,"12725"
0,0,FALSE,"21:50","13 Oct 2016",497,TRUE,"21:50","DWR","21:50","13 Oct 2016",16,"21:50",2016-10-13 21:50:00,2016-10-13 21:50:00,2016-10-13 21:50:00,2016-10-13 21:50:00,"12725"
"latemin","day","has_departed","schdep","actarr_date","distance","has_arrived","actarr","station","actdep","scharr_date","no","scharr","scharr_datetime","actarr_datetime","schdep_datetime","actdep_datetime","train_no"
0,0,TRUE,"06:30","13 Oct 2016",0,TRUE,"06:50","CHV","06:50","13 Oct 2016",1,"06:30",2016-10-13 06:30:00,2016-10-13 06:50:00,2016-10-13 06:30:00,2016-10-13 06:50:00,"56661"
25,0,TRUE,"06:39","13 Oct 2016",5,TRUE,"07:03","NLE","07:04","13 Oct 2016",2,"06:38",2016-10-13 06:38:00,2016-10-13 07:03:00,2016-10-13 06:39:00,2016-10-13 07:04:00,"56661"
27,0,TRUE,"06:48","13 Oct 2016",14,TRUE,"07:14","KZE","07:15","13 Oct 2016",3,"06:47",2016-10-13 06:47:00,2016-10-13 07:14:00,2016-10-13 06:48:00,2016-10-13 07:15:00,"56661"
27,0,FALSE,"06:55","13 Oct 2016",23,FALSE,"07:21","BFR","07:22","13 Oct 2016",4,"06:54",2016-10-13 06:54:00,2016-10-13 07:21:00,2016-10-13 06:55:00,2016-10-13 07:22:00,"56661"
27,0,TRUE,"07:02","13 Oct 2016",28,TRUE,"07:28","KQK","07:30","13 Oct 2016",5,"07:01",2016-10-13 07:01:00,2016-10-13 07:28:00,2016-10-13 07:02:00,2016-10-13 07:30:00,"56661"
28,0,FALSE,"07:08","13 Oct 2016",34,FALSE,"07:35","KLAD","07:36","13 Oct 2016",6,"07:07",2016-10-13 07:07:00,2016-10-13 07:35:00,2016-10-13 07:08:00,2016-10-13 07:36:00,"56661"
28,0,TRUE,"07:15","13 Oct 2016",37,TRUE,"07:42","KGQ","07:44","13 Oct 2016",7,"07:14",2016-10-13 07:14:00,2016-10-13 07:42:00,2016-10-13 07:15:00,2016-10-13 07:44:00,"56661"
30,0,TRUE,"07:25","13 Oct 2016",49,TRUE,"07:54","KMQ","07:55","13 Oct 2016",8,"07:24",2016-10-13 07:24:00,2016-10-13 07:54:00,2016-10-13 07:25:00,2016-10-13 07:55:00,"56661"
33,0,TRUE,"07:33","13 Oct 2016",59,TRUE,"08:05","UAA","08:06","13 Oct 2016",9,"07:32",2016-10-13 07:32:00,2016-10-13 08:05:00,2016-10-13 07:33:00,2016-10-13 08:06:00,"56661"
36,0,TRUE,"07:43","13 Oct 2016",66,TRUE,"08:18","MJS","08:19","13 Oct 2016",10,"07:42",2016-10-13 07:42:00,2016-10-13 08:18:00,2016-10-13 07:43:00,2016-10-13 08:19:00,"56661"
41,0,TRUE,"07:52","13 Oct 2016",74,TRUE,"08:32","ULL","08:33","13 Oct 2016",11,"07:51",2016-10-13 07:51:00,2016-10-13 08:32:00,2016-10-13 07:52:00,2016-10-13 08:33:00,"56661"
41,0,FALSE,"07:58","13 Oct 2016",78,FALSE,"08:38","TKOT","08:39","13 Oct 2016",12,"07:57",2016-10-13 07:57:00,2016-10-13 08:38:00,2016-10-13 07:58:00,2016-10-13 08:39:00,"56661"
20,0,FALSE,"08:30","13 Oct 2016",83,TRUE,"08:50","MAQ","08:50","13 Oct 2016",13,"08:30",2016-10-13 08:30:00,2016-10-13 08:50:00,2016-10-13 08:30:00,2016-10-13 08:50:00,"56661"
